{
  "train_loss": [
    0.943025477501479,
    0.629464334317229,
    0.5342185204171321,
    0.4012787172528492,
    0.3512889118039642,
    0.37649704177059573,
    0.3027403199177405,
    0.31538286241173574,
    0.3182250641381622,
    0.22264691587664526,
    0.2641702004210939,
    0.20447174664163453,
    0.2468027855470692,
    0.35467121797105805,
    0.1825543494593479,
    0.10772044136432338,
    0.16267506952863187,
    0.14658582032213666,
    0.1358378861895868,
    0.10741147571798965,
    0.06599871903017629,
    0.12338614839033901,
    0.11779386596899713,
    0.08040613659461748,
    0.08352981659713392,
    0.04793658655570735,
    0.04937741440550202,
    0.09930233233429714,
    0.09281262344229617,
    0.038917843278746166
  ],
  "train_class_loss": [
    0.49534525275230407,
    0.3965170092372732,
    0.33989521441981196,
    0.28779056783426893,
    0.2145517932864922,
    0.25467000322162425,
    0.1902074089760638,
    0.23514647871568078,
    0.2377923541368959,
    0.13902313422850884,
    0.18487868376515423,
    0.15201696661560246,
    0.21478588962623194,
    0.23743978784252912,
    0.15084302859719503,
    0.09036240920871602,
    0.1364833084464904,
    0.11606127476691407,
    0.10065931621290722,
    0.06470093492270362,
    0.04824042209928104,
    0.113414639448456,
    0.11095397973714916,
    0.07114291716263159,
    0.0810215578866932,
    0.037114881440290695,
    0.039930355014274194,
    0.08465455786023415,
    0.08987580391049878,
    0.0330830707494401
  ],
  "train_val_loss": [
    0.4476802167736671,
    0.23294732688756828,
    0.19432330460695085,
    0.1134881500470907,
    0.13673711986749285,
    0.12182703818113871,
    0.11253290995475916,
    0.08023638336838056,
    0.08043270847854067,
    0.0836237817898853,
    0.07929151734831315,
    0.05245478043237778,
    0.03201689531251759,
    0.11723143074863897,
    0.03171132084012656,
    0.017358032732551525,
    0.026191761819410946,
    0.030524546124343032,
    0.03517857048784869,
    0.042710540448272445,
    0.017758296707291843,
    0.009971510737481863,
    0.006839886241257111,
    0.009263218577891828,
    0.0025082579690371694,
    0.010821704464764149,
    0.009447059706816287,
    0.014647773506046426,
    0.0029368194155619098,
    0.0058347728074936225
  ],
  "train_class_acc": [
    74.66124661246613,
    85.90785907859079,
    87.8048780487805,
    90.65040650406505,
    93.4959349593496,
    94.03794037940379,
    94.8509485094851,
    93.76693766937669,
    94.8509485094851,
    97.15447154471545,
    96.07046070460704,
    97.0189701897019,
    95.9349593495935,
    91.46341463414635,
    96.2059620596206,
    98.3739837398374,
    97.8319783197832,
    97.69647696476964,
    98.1029810298103,
    98.50948509485094,
    99.1869918699187,
    98.50948509485094,
    98.50948509485094,
    98.6449864498645,
    98.9159891598916,
    99.32249322493224,
    99.1869918699187,
    98.6449864498645,
    98.3739837398374,
    99.1869918699187
  ],
  "train_foot_acc": [
    83.37129840546697,
    91.11617312072893,
    92.9384965831435,
    96.58314350797266,
    96.12756264236901,
    97.15261958997722,
    97.03872437357631,
    97.72209567198178,
    97.9498861047836,
    98.29157175398633,
    98.51936218678816,
    98.74715261958998,
    99.43052391799544,
    97.03872437357631,
    99.54441913439635,
    99.65831435079727,
    99.43052391799544,
    99.20273348519362,
    99.43052391799544,
    99.08883826879271,
    99.54441913439635,
    99.8861047835991,
    99.8861047835991,
    99.8861047835991,
    99.77220956719817,
    99.8861047835991,
    99.77220956719817,
    99.54441913439635,
    99.8861047835991,
    99.77220956719817
  ],
  "val_loss": [
    0.9745495077222586,
    0.3145112271110217,
    0.4450637868915995,
    0.5869526599805491,
    0.49882722887559794,
    0.3573245640485159,
    0.5628997964280037,
    0.3336111288226675,
    0.4132174042169936,
    0.1518156996316975,
    0.2704017286596354,
    0.18429994505519667,
    2.289320070509954,
    0.4492769818704498,
    0.20234728628444523,
    0.27117699406881,
    0.1871922431388763,
    0.2728291194313594,
    0.3167536467869165,
    0.16669163191181724,
    0.22083401094763153,
    0.2556918165816266,
    0.2302876075009408,
    0.18028854927858143,
    0.14299108076981307,
    0.15195228879141118,
    0.23249692611716455,
    0.1867889202706768,
    0.31632289320987184,
    0.2150265874533943
  ],
  "val_class_acc": [
    74.68354430379746,
    93.67088607594937,
    87.9746835443038,
    82.27848101265823,
    92.40506329113924,
    95.56962025316456,
    89.24050632911393,
    95.56962025316456,
    91.77215189873418,
    96.83544303797468,
    96.20253164556962,
    95.56962025316456,
    59.49367088607595,
    95.56962025316456,
    96.20253164556962,
    97.46835443037975,
    97.46835443037975,
    96.83544303797468,
    95.56962025316456,
    97.46835443037975,
    97.46835443037975,
    97.46835443037975,
    96.83544303797468,
    97.46835443037975,
    98.10126582278481,
    98.10126582278481,
    97.46835443037975,
    98.10126582278481,
    96.83544303797468,
    97.46835443037975
  ],
  "val_foot_acc": [
    97.87234042553192,
    94.14893617021276,
    94.68085106382979,
    98.40425531914893,
    95.74468085106383,
    96.27659574468085,
    98.93617021276596,
    96.27659574468085,
    99.46808510638297,
    98.93617021276596,
    95.74468085106383,
    99.46808510638297,
    95.74468085106383,
    95.2127659574468,
    98.93617021276596,
    98.40425531914893,
    99.46808510638297,
    98.93617021276596,
    98.93617021276596,
    99.46808510638297,
    98.93617021276596,
    98.93617021276596,
    100.0,
    99.46808510638297,
    100.0,
    100.0,
    99.46808510638297,
    99.46808510638297,
    99.46808510638297,
    99.46808510638297
  ],
  "learning_rate": [
    9.972883382072954e-05,
    9.891830623632339e-05,
    9.757729755661011e-05,
    9.572050015330873e-05,
    9.336825748732972e-05,
    9.05463412215599e-05,
    8.728566886113101e-05,
    8.362196501476347e-05,
    7.959536998847741e-05,
    7.524999999999999e-05,
    7.06334638322521e-05,
    6.579634122155988e-05,
    6.079162869547907e-05,
    5.567415893174884e-05,
    5.05e-05,
    4.532584106825115e-05,
    4.0208371304520894e-05,
    3.520365877844009e-05,
    3.036653616774789e-05,
    2.5750000000000002e-05,
    2.140463001152258e-05,
    1.737803498523653e-05,
    1.3714331138868993e-05,
    1.0453658778440105e-05,
    7.631742512670283e-06,
    5.2794998466912506e-06,
    3.4227024433898994e-06,
    2.0816937636766182e-06,
    1.2711661792704665e-06,
    1e-06
  ]
}